lst,ndvi,ndbi,fvc,latitude,longitude
36.096274240810615,0.2899613678455353,-0.0321760848164558,0.24006214198106796,23.006853290642116,72.5050806046919
40.69595557586052,0.1484019458293914,-0.002191653009504,0.1213839158577062,23.072670847732375,72.62155585268643
36.064219137889545,0.1690267026424408,-0.0142872296273708,0.13618070726315243,23.008815628046367,72.56477778615172
35.85905139423257,0.1404375731945037,-0.0164887830615043,0.1158977412425631,23.035332405560446,72.51809692035212
38.68786217979981,0.1634159684181213,0.011480520479381,0.13207116610128095,23.063176204627283,72.5643623166564
36.20118772540411,0.1419820040464401,0.0269745346158742,0.11695169109161936,22.966625148568067,72.61533280014481
38.88959337520092,0.2160981446504593,0.0075800563208758,0.17313766598155456,23.08688639214935,72.62979763483028
34.859941163608426,0.517892599105835,-0.1650300472974777,0.515369783850931,23.071431100973868,72.61235943001869
37.68722151344748,0.2304905951023101,-0.0226156469434499,0.18532215247154113,23.080724152596407,72.68674885406213
40.1997362042215,0.1499921977519989,0.0470514073967933,0.12249453848727432,23.0746239170791,72.6224133225375
39.13949407648945,0.1347676366567611,0.0123731726780533,0.11206937055275323,23.069548743583006,72.58864356785806
37.92157427407883,0.1781917661428451,0.0488335974514484,0.14302901197824444,23.064536177896233,72.63618742512006
33.45656627343503,0.4398487508296966,-0.1625007390975952,0.40940642393832316,23.036075303153627,72.54063823686616
38.182823802532624,0.3499326109886169,-0.0214495360851287,0.3024258766287574,22.966455952594956,72.66696634465134
34.196515956883616,0.2481074184179306,-0.0465191751718521,0.20080025844118235,23.02833959040271,72.53815142469979
39.830573934262944,0.1286527514457702,0.0670038908720016,0.10801263103287521,23.06664293665466,72.57603186202711
36.82918687064589,0.4325930774211883,-0.0609307251870632,0.40017400160120953,23.00430545923205,72.68911944283474
36.45354408551352,0.4221297204494476,-0.09314626455307,0.3870453890665078,23.095827646170946,72.55558656891232
37.17898096338989,0.4649672508239746,-0.0673074424266815,0.4421814446683947,23.097126682831203,72.68965694475719
36.49532354386319,0.1050904467701911,0.02197159640491,0.0930801807104348,22.999758572632516,72.58473609013284
40.06063511177476,0.345585823059082,0.0184285417199134,0.2976638903230559,22.977526576185966,72.63791501337955
38.9291160677238,0.415374755859375,-0.0389057844877243,0.37868609014898535,23.119344453341135,72.67949180539358
35.962886444516855,0.4016275703907013,-0.0075965709984302,0.36195573345421816,22.953073456473447,72.66712227072041
38.83808402157079,0.3098799288272857,0.0712645053863525,0.259977541820918,23.094487176440357,72.696724033199
36.9172595609566,0.3876209855079651,0.0387810170650482,0.34529842260935206,23.141857808816837,72.52372214786587
37.0713231041958,0.3082577586174011,0.0025225942954421,0.25832594919478435,23.05469440536519,72.68278588912338
36.53805409326537,0.1564278751611709,0.0119412532076239,0.12704083019190723,23.04734984980063,72.64922080475047
37.09764243618882,0.3188078701496124,-0.070095382630825,0.26916160612917706,23.061366386365705,72.51078499454094
39.63731059996124,0.282288521528244,0.052794337272644,0.2326022179978995,23.07727017121908,72.69012373738741
36.48080637117242,0.407191514968872,-0.0196635164320468,0.3686815358501939,23.098955628085044,72.69618872743945
36.24499435520588,0.3905459642410278,-0.1261895895004272,0.3487445358813653,23.00831393052432,72.59842265976741
37.62930371265662,0.0911091566085815,0.0086568295955657,0.08474454106135963,23.046707517654536,72.65676312215089
34.93022077306321,0.2119446992874145,-0.0475166998803615,0.16969843527099837,23.012120134743054,72.52820127025026
41.824988494117264,0.1135683730244636,0.0951054096221923,0.09832512456120916,23.090854037396245,72.67414120214708
38.94422232377975,0.1898714154958725,0.052040908485651,0.15199972062075526,23.06044788149174,72.67613062115907
37.99593433530491,0.2757172286510467,0.0297554992139339,0.22630688163543225,23.094095374946917,72.53305115291067
37.5867522023711,0.4465581476688385,-0.1207029446959495,0.4180374383169595,23.086303603467236,72.5296833967736
39.21977602927649,0.4393841028213501,-0.0768319219350814,0.40881203094066276,22.998185560241968,72.68443916761463
38.95286463636365,0.4210087954998016,-0.0065447525121271,0.3856519240881144,23.12978354480491,72.65673491464685
32.85950556849048,0.1102992594242096,-0.0777521282434463,0.09628563039921294,23.127693821643245,72.6462383384603
40.38449357506883,0.2246518433094024,0.0491154864430427,0.18032918802607326,23.094252840527087,72.66973287690199
41.62730248561838,0.296685516834259,0.0839221701025962,0.24669650263291498,22.95100546536146,72.63584546103377
39.09999790744224,0.186067596077919,0.0408428758382797,0.14904818874138323,22.982830300442036,72.51051548061221
37.83961190978467,0.1457326263189315,0.023612568154931,0.11953104890138595,23.048352025666198,72.58404232772574
39.63598018297164,0.285218745470047,0.0468198992311954,0.23543723095552627,22.958160144059796,72.54471015188119
34.894110671652044,0.2496536374092102,-0.0589663870632648,0.2021883936353335,23.02301410230065,72.54866561490287
41.5937930991539,0.1306833773851394,0.0631119161844253,0.10935149607884254,23.03304120792414,72.66451684985128
34.68069865623813,0.5542473196983337,-0.2387452125549316,0.5688890192721204,23.06557184657599,72.60774118490603
35.42447225204998,0.2174986749887466,-0.0494535118341445,0.17430514361735908,23.003932586510086,72.59337471685785
36.58256540805295,0.1215828508138656,0.025075264275074,0.10341552993757296,23.109990163989742,72.5700479213988
36.50847287361752,0.3476540744304657,-0.1545862257480621,0.29992498524029,23.03343420101373,72.54814359183779
41.09616549831048,0.1670973598957061,0.002786582102999,0.1347604716423976,23.042188877026412,72.68090814267666
37.44410568451846,0.4578603506088257,-0.1193281561136245,0.432780240903167,23.090072398504237,72.6608095858732
38.982867089208646,0.2909625470638275,0.0700020939111709,0.24104422261940106,23.131492298951756,72.69113619707036
39.19392802153327,0.2438745945692062,0.0297953691333532,0.19702465570397718,23.102969780173108,72.58030678776457
38.413793268777965,0.1607008427381515,0.0294356476515531,0.1301050979520127,23.045944241273045,72.67656304451573
37.55685368569114,0.5600479245185852,-0.1694070249795913,0.5776728475650089,23.139504913102307,72.64082640712415
34.57652264548315,0.3932191133499145,-0.1206640377640724,0.35190891644365874,23.032585397927452,72.53399992584225
33.71686404363477,0.6274486780166626,-0.2080950438976287,0.6846713147515225,23.09675467850259,72.64846241442204
36.04889956998457,0.1321426481008529,0.0190607123076915,0.11031873868744702,23.105792428567387,72.58418405943095
39.49674455121979,0.2283842861652374,0.0244181994348764,0.18351309663329998,23.07575963095052,72.63575692890815
38.38771621115781,0.2559642195701599,0.0772549286484718,0.207903369528225,22.957334473617003,72.52138808224223
38.82107945322103,0.2174080312252044,0.0620518364012241,0.17422946453130123,23.101451048560936,72.65994593950823
38.2344004084993,0.2948889136314392,-0.0234557501971721,0.2449150368353061,23.074429357603613,72.64635571392206
32.49869421618446,0.5236572027206421,-0.1802938580513,0.5236797470494644,22.976549506859833,72.53277358834863
35.51538707920572,0.0923233702778816,0.0202565640211105,0.08545295281061946,22.99710495138647,72.59649950929482
35.48449518743752,0.1409639567136764,0.0107530299574136,0.1162564197778458,23.013616558611552,72.54656481887041
35.373966040444856,0.5144336819648743,-0.1355753242969513,0.510415485925887,22.98730248399599,72.5569967839084
37.147109308321255,0.0927558615803718,0.084913432598114,0.08570599448966582,23.02375555953164,72.58346557899544
38.30509928727374,0.3245466947555542,-0.0018023049924522,0.27514923497897653,22.988490042609772,72.69854702380955
37.87532279341323,0.216550275683403,0.0094554545357823,0.17351413217191902,23.051973794193056,72.60341967774457
38.74614100759575,0.112183541059494,0.0246200636029243,0.0974585633084448,23.004908073020125,72.65365588590505
35.832840271636194,0.3121632039546966,-0.0155392680317163,0.2623111474851402,23.128012033908316,72.6667034583749
39.66207806151698,0.2202386558055877,0.0563701689243316,0.17660052783328722,22.977712552400522,72.64850673705877
40.677111541474346,0.1509591490030288,0.0230023879557847,0.12317232426893018,23.026193860955356,72.68330375376348
36.02649344128116,0.2269583940505981,-0.0246191509068012,0.1822934702502658,23.010061568139548,72.52019478307503
38.33626280732221,0.618135392665863,-0.197049468755722,0.6693455207325258,23.107872683846676,72.6452430453726
38.268219621815646,0.3200326859951019,0.0822395607829094,0.27043399450328026,23.137224390539586,72.50566166691485
37.25953491507826,0.4500245153903961,-0.0832586586475372,0.42253187060851927,22.99639040582682,72.68714983375045
35.975304708355864,0.1609827280044555,-0.0277345273643732,0.13030852991753872,23.061809579199977,72.57034258952159
38.21941099302055,0.34876549243927,0.0791875123977661,0.3011435656921145,22.966601770052463,72.69660147250286
37.04346674579686,0.6295446157455444,-0.2553037703037262,0.6881442695124229,23.12738241030924,72.6311450936218
43.43944440034608,0.2149277925491333,0.0214673522859811,0.1721650730296966,22.97081264298589,72.64711283790334
36.88002121277008,0.1845508217811584,-0.018464870750904,0.14787933453256424,23.032432826800672,72.61013796559564
37.03571517401621,0.1464418619871139,-0.0106542659923434,0.12002196373709847,23.118194991551583,72.55670215219604
40.70284669355819,0.1483645290136337,0.0427449792623519,0.12135784507489082,22.985500574317324,72.63670686100593
39.6402408739977,0.2304378300905227,-0.0154608655720949,0.1852767255730377,23.116222367357768,72.53676128427853
36.87121398930009,0.4297145009040832,-0.0717831850051879,0.3965403526488786,23.121801305756875,72.52781193482376
37.20847995873547,0.1311707645654678,-8.456638170173392e-05,0.1096740753028765,23.000721960304737,72.5410199075329
36.35373607936309,0.3703898787498474,0.0106002045795321,0.3253446137802656,23.144827948174783,72.68028476332628
36.76890662312108,0.133911520242691,-0.0191551577299833,0.11149690335078503,23.071439972210783,72.55702482451252
37.8241918865208,0.1782187223434448,0.0809900537133216,0.14304940193110777,23.003408135129078,72.64837051688461
38.46031932952808,0.1593064218759536,0.0393350198864936,0.12910110480130077,22.961431811075418,72.62645238173758
37.09486221674152,0.3623051941394806,-0.040316455066204,0.3161871313562389,23.017699822552924,72.69185198994634
41.677783476191095,0.1621662527322769,0.0557790286839008,0.13116439461813945,23.120610231806392,72.50683120511573
35.79387681689752,0.1929762065410614,-0.0293370373547077,0.15443029890740295,22.984899389596475,72.62311661840873
36.79534205912241,0.399320513010025,-0.0667354688048362,0.35918507731459953,23.14004002633083,72.53717178893419
39.15585704968184,0.3124760389328003,0.0455873720347881,0.262631690480253,23.049535016311594,72.6890473344728
36.90570951762031,0.1310654729604721,0.0062734335660934,0.1096043473865411,23.000884624190736,72.5887880881801
37.205070104221534,0.1397855728864669,-0.0276419278234243,0.11545423554178454,23.035243444576764,72.56414703007948
37.76217226955891,0.2277675122022628,-0.0296535678207874,0.1829850444957131,23.0602062219088,72.6568999179582
37.40489385897257,0.275723248720169,-0.0568540655076503,0.2263126093728718,23.048355083881432,72.64416233993092
37.93054235359015,0.2822750508785248,0.0699921175837516,0.2325892246998837,23.127712627211313,72.58985505882156
42.60651011522695,0.1693488955497741,0.0280579067766666,0.13641860664383795,23.033286665101887,72.68750053803583
36.107093319173096,0.1284486204385757,0.0141819287091493,0.10787849626800357,23.077241909243526,72.57457832202859
39.13900027193111,0.2666122615337372,-0.0102737313136458,0.21772700261362876,23.08798588839326,72.53699663321527
38.31139449462022,0.2008162140846252,0.0242870002985,0.1606536374731321,22.991508971205803,72.52173053619914
37.93849457057014,0.2978960871696472,-0.0879710912704467,0.24790051361884496,23.123523610915015,72.5830571627509
37.37786039587991,0.1088700592517852,0.000606176967266947,0.09540071350220132,23.05663361428911,72.53602225369968
39.05391676676048,0.3425813019275665,0.0145828584209084,0.29439446920141304,23.11247395227535,72.67298132258604
36.96149142281109,0.2648311853408813,0.1113873794674873,0.21606803086540874,23.146884234358364,72.51587830574421
38.28246240183654,0.1758958101272583,0.0362647250294685,0.14129766007122782,22.990376666432226,72.60893750196789
40.724962905855456,0.1759249567985534,0.0922587662935257,0.14131957314399426,23.13862360570444,72.57889814958308
37.71231971402092,0.3575264811515808,-0.0990224406123161,0.31083577718526395,23.085445631492018,72.65033036794867
37.35736568658061,0.1462053507566452,0.0188363455235958,0.11985814489253174,22.99467803260197,72.65016498656078
36.54269603517756,0.460202008485794,-0.1372459083795547,0.43586669200867645,23.040117475129616,72.5111592609533
43.13834478148373,0.1793371737003326,0.0827267244458198,0.1438966913509563,22.99267834238441,72.5719803854137
34.17610552240484,0.4924301207065582,-0.1082998439669609,0.47945947206169875,22.958713460545706,72.50470657770377
36.43865303269656,0.162285715341568,-0.0311803519725799,0.13125093954055164,22.955920364953805,72.65949798424555
39.93927074744512,0.3650847375392914,0.023265166208148,0.31932076059984976,23.124017337744757,72.59424800839226
38.07075771478925,0.3320091068744659,0.0224122144281864,0.28303368979736687,23.12533138332649,72.54844420058633
39.06739919242105,0.407870203256607,-0.0133692361414432,0.36950618400722873,23.049332205550524,72.69825713468063
40.17364069980852,0.4636122286319732,-0.0677558928728103,0.4403811899898943,23.132438676796003,72.65345193586158
37.69940193617616,0.1147665679454803,0.0536033101379871,0.09907799229617667,23.06825609606318,72.64400865297297
37.41024206411789,0.1284213960170745,0.0289459433406591,0.10786061336180411,23.075437740139275,72.53590476238837
37.878834859825815,0.2576182782649994,-0.0179441235959529,0.20941448860222242,23.065760636454083,72.51372011979456
40.025966721396685,0.3184051215648651,0.0802966654300689,0.26874387006468253,23.063681700490495,72.60317818216208
37.55113201450632,0.2982381582260132,-0.0064403880387544,0.24824126231244975,23.132833712188145,72.5179964079505
38.00667503883289,0.3290643095970154,0.0487620420753955,0.2799090436893665,22.992744746374278,72.69113744232152
35.3543761617384,0.4677329957485199,-0.0532043911516666,0.4458673536112928,23.135752783028142,72.66774744727456
37.778107521601584,0.1101905703544616,0.0031638694927096,0.09621818993682621,23.073703045946896,72.5139836456081
37.43027757066429,0.2390870451927185,-0.0030050300993025,0.19279743325607243,23.05229422541731,72.68510964564443
38.68101825680144,0.1464418470859527,0.0191606357693672,0.12002195341232665,22.951084774322155,72.50412837252352
36.70406287094119,0.1056344434618949,0.0401121489703655,0.09341241303026225,23.01484839510692,72.58700651024716
37.692537943610354,0.1474169343709945,0.0396776273846626,0.12069852628773992,23.036179912568485,72.640707976392
37.76785485489108,0.1123558655381202,0.0224960651248693,0.09756618673606825,23.037792083279502,72.64082002999763
40.4820474512049,0.1976643204689026,0.0165339186787605,0.15813691177399405,23.011009238106514,72.61407729687465
39.95363580721563,0.1501939296722412,0.0304873809218406,0.12263578837928663,22.974063222143617,72.62938783688023
35.1080969362948,0.0862577632069587,-0.1216730549931526,0.08194350699625125,23.097762606215735,72.60592175088625
39.9922191675333,0.3670167624950409,0.0962496250867843,0.3215080089503576,23.085637742819937,72.66979960543189
37.13803564020992,0.3517126142978668,0.0139419371262192,0.3043868087753867,23.11566455785277,72.52951027906443
35.800714107120584,0.2301491945981979,-0.0487614646553993,0.18502832961347832,23.02786677066067,72.53011712608469
36.40615529341858,0.2189705371856689,-0.0153733324259519,0.17553631102964798,22.983247372515162,72.61259910387236
35.78524834235661,0.237997218966484,-0.030117804184556,0.19184156382237416,23.034958974855577,72.56159313202603
38.15012976479905,0.3576413691043854,-0.0419753566384315,0.3109638965366133,23.133034734958976,72.6333137342332
40.16228215158367,0.1621298789978027,0.0433185435831546,0.1311380492629632,23.00769951461378,72.58803451402159
38.275361092944365,0.3452090919017792,0.0201844535768032,0.2972529538923626,23.116028110660626,72.52911437305026
34.19407578259981,0.4568355977535248,-0.0588136911392211,0.4314330024762302,22.98252731909531,72.54982240719461
37.485318886069024,0.2291245758533477,0.0099443942308425,0.18414790160131558,23.01427675070841,72.53685835119381
37.78650903391434,0.1565158367156982,-0.0074638961814343,0.1271035418290944,23.079854047003607,72.55439493713881
37.02528658480893,0.2274129837751388,0.0216309912502765,0.18268185869956707,22.979925875934168,72.64452865543727
34.973979280432474,0.4587939083576202,-0.0117308925837278,0.4340094136891085,23.145950968639884,72.65217265580822
39.00425864568088,0.1788879334926605,0.0285734124481678,0.1435560661463387,22.97711951447085,72.62529285325118
38.89623913797148,0.486341267824173,-0.158097892999649,0.47106433591849306,23.087657173913268,72.59617940941298
40.005843291516925,0.2695364952087402,0.0981620177626609,0.2204645203329073,23.011895906788553,72.6660865431725
37.97821622657491,0.1187956109642982,0.0218842811882495,0.10163064157010017,23.091581774802666,72.5558635894724
38.29096675536088,0.2323155850172042,-0.0024696174077689,0.18689676504876754,23.00002636161808,72.66730672737816
36.82200946432832,0.1097307428717613,0.0180397816002368,0.0959331330798931,23.11129667675799,72.57138811442299
34.53795914773092,0.6117562651634216,-0.2088579684495926,0.6589482340320673,23.101749449366455,72.62785829898117
37.02551701571164,0.1383953690528869,0.0132663613185286,0.11451142579643954,22.997659088068005,72.62364361400464
37.25797524184144,0.1686278879642486,-0.0081229209899902,0.13588651978498262,23.040049272454713,72.58163592296896
36.28495861372602,0.1124403178691864,-0.0164821725338697,0.09761895223019824,23.07850275812123,72.53310617661809
35.9921629948068,0.2089177966117859,-0.0310434103012084,0.1672137643858379,23.0541562880469,72.66949966115897
37.0127558115947,0.4299988448619842,-0.0284761767834424,0.39689854452743445,23.0114948764736,72.6991504256417
38.48263958665207,0.1445988565683365,0.0388531349599361,0.11874837194820495,23.06118348271718,72.67705090099167
37.63621600786359,0.3031731843948364,0.0153459906578063,0.25318325349404003,23.0830356523118,72.51856603998588
38.7886196144208,0.5088440775871277,-0.1245746836066246,0.5024599263303459,23.119413311184573,72.53228198661473
37.507867591582965,0.1113555207848548,0.0323097594082355,0.09694226032320817,23.041579016238806,72.57652602030417
37.74975607707427,0.3543266355991363,-0.0611669458448886,0.30727801893465767,23.041818519106645,72.66672064368929
41.47381908104164,0.198706105351448,0.0256552938371896,0.15896655844451996,23.075160436744746,72.69169029546111
39.75161125896256,0.2099177688360214,0.0935246795415878,0.16803257720750187,22.994479820302242,72.53956937233728
35.44982039965942,0.5350339412689209,-0.1390832066535949,0.5402748948173234,23.14484643890036,72.5840189825669
35.30147474647946,0.5685389637947083,-0.1478409171104431,0.5906521388706438,23.125141840035194,72.67611082635999
38.56480379647185,0.152916207909584,0.008570346981287,0.12454984980528072,23.0324037257528,72.69315782766276
36.52593676060003,0.1840034872293472,-0.0241934284567832,0.1474586782042994,23.049584709955937,72.64602248711387
33.07297615222468,0.6054151058197021,-0.2675674259662628,0.6486934926825619,23.071511525443583,72.5841833864608
36.19950426554834,0.1325699537992477,0.0175505019724369,0.11060277417003375,23.12318293546527,72.67921383047647
40.71098566876225,0.2370850145816803,0.0181808285415172,0.1910433099718677,23.081414952908375,72.66286739285391
38.43784116527057,0.2405482828617096,0.05351248010993,0.1940827895324009,23.000568992485483,72.51147362094392
37.04085985890645,0.1874196827411651,-0.0234992373734712,0.15009401057526503,22.999634416738097,72.61937357193875
34.86580974804478,0.5359899997711182,-0.1276087909936905,0.5416812797630904,22.95017852134272,72.50706546662568
39.05501316489516,0.3144605755805969,0.0208206512033939,0.264669683826719,23.141068809231797,72.56909073560585
37.31365393419576,0.3115966916084289,-0.0383501127362251,0.26173117486468994,23.021700877929074,72.60874386799071
38.896454667788745,0.3613533973693847,0.0261448938399553,0.31511763673815035,23.09654151377945,72.6323739496406
38.62785648508676,0.1981714814901352,0.0058820424601435,0.15854052867204907,23.120400061378636,72.53615283581463
39.0350008654502,0.2145933806896209,-0.0048135407269001,0.17188767131164895,23.04424533223195,72.624344676403
39.47466142283015,0.2035165131092071,0.0029888718854635,0.1628255763518129,23.092080868394756,72.53481540795083
36.93317297676159,0.1033636406064033,0.0079944273456931,0.09202949844197103,23.034928673375166,72.63916886703781
38.188600286778666,0.0988159626722335,-0.0035236601252108,0.08929097954773367,23.011458485750847,72.68039057847027
29.206744957001,-0.0211868211627006,-0.2069979012012481,0.03197415292590002,22.99689800848556,72.56453767350816
41.92237278415111,0.1618583351373672,0.0587488487362861,0.13094145470838717,22.970940616681855,72.55690018142131
37.7558452176088,0.3526622354984283,-0.0167533364146947,0.3054355465461202,22.968540001765636,72.69021592854546
34.28186482780679,0.3833833336830139,-0.1078017354011535,0.3403361140191067,22.989108276718643,72.58413688395385
37.24772108131326,0.3420785367488861,0.0138619467616081,0.2938491400038134,23.10303718345803,72.50974246484125
38.40223886677252,0.2177003771066665,-0.0018526319181546,0.1744736050350514,23.134497984106854,72.5729098172849
39.57236082699564,0.1151848807930946,0.0455547906458377,0.09934150908055725,23.037658822250727,72.59626592841187
38.62397968738816,0.2622672617435455,0.0242059044539928,0.2136910212798756,22.96778639543088,72.53700998013625
37.62714122972186,0.3163097500801086,0.0965606272220611,0.2665757580277842,23.08404584274116,72.50791169928749
36.15255212610509,0.551673948764801,-0.2130484730005264,0.5650137252516686,23.062270991481586,72.60593400665883
40.39465642577733,0.2194331437349319,0.0735987797379493,0.17592416206336806,23.11007267920893,72.67064593255037
35.308315682319616,0.1725228130817413,0.0102889789268374,0.13877324626633397,23.039066037069674,72.56581366084514
36.729669882135326,0.1429376751184463,0.0145281655713915,0.11760624901564502,23.058435544628413,72.5690196586274
35.57666102792875,0.5060539245605469,-0.0894837081432342,0.49851214438735036,23.12988706060968,72.62488062993663
36.72789892683805,0.1589105427265167,0.0153084490448236,0.12881677768024274,23.043897340556104,72.5773011561907
38.0910801818082,0.1284311115741729,0.0008198442519642413,0.10786699504984683,23.01328035004021,72.64423234646306
36.380777310846895,0.116591602563858,0.0361242219805717,0.1002302428139518,22.980165819002238,72.60481852210734
34.99090940326236,0.3892968297004699,-0.0118769807741045,0.3472707534950247,22.967069928421626,72.50229800813817
37.96573770850557,0.3638010323047638,-0.0123134953901171,0.31787160402791725,23.110981196061232,72.61275451436893
36.69372465730177,0.4757413864135742,-0.1007831245660781,0.4566264213121394,23.077617735650534,72.6826372907701
35.18819014720465,0.5582078099250793,-0.137135848402977,0.5748790830313851,23.13247930876807,72.53426404377475
33.51730501738038,0.6109785437583923,-0.1701893508434295,0.6576861984364826,23.11100426459904,72.6236204892561
36.510652168330736,0.1594337075948715,-0.0004709269560407847,0.12919259015539558,23.10195861644962,72.57551767482032
37.39083506246498,0.329694390296936,0.0679150223731994,0.28057614711204276,23.090169685742215,72.65820444104233
28.558595355397607,-0.0101122967898845,-0.236780896782875,0.036057339830412906,23.005887265759295,72.6000100375257
39.25900837033393,0.2149409800767898,0.0073250555433332,0.17217601694708687,23.086412378764162,72.6549002903824
35.31919279709557,0.5936824083328247,-0.1825415194034576,0.6299317652969926,23.141837589531512,72.59340953728801
35.19886199119851,0.4287324547767639,-0.0302066467702388,0.39530449968961545,22.953262807483057,72.68718032564345
40.11053528421244,0.2194807827472686,0.0314707681536674,0.17596412709426118,23.10085261882936,72.51398704201227
39.71553326643251,0.3401544392108917,-0.0516833700239658,0.2917668181992329,23.126708436017996,72.51506296820659
40.26156301162632,0.1774824857711792,-0.0073552499525249,0.1424930270639885,23.04350563936693,72.54024244169436
37.82603434326828,0.3714162111282348,0.0139354960992932,0.3265164863401474,23.098316814431215,72.69362415014385
40.222781337571305,0.2705549895763397,0.0101729612797498,0.22142199821518918,23.11565687680698,72.63686810363733
40.63243102315673,0.4062530696392059,-0.0645382776856422,0.3675427844469598,22.963035861736216,72.6383604933099
38.45251156961341,0.3188383877277374,0.0382160916924476,0.26919327257991793,23.137333453893064,72.53366431772415
36.73356610314639,0.4118138551712036,-0.0817203596234321,0.37431619337945043,23.06857596208655,72.59169156460423
36.14985392069853,0.1028948202729225,0.0149491839110851,0.09174527214816604,23.061969218116655,72.52690275118431
36.910919191013775,0.1267655193805694,0.0767496600747108,0.10677570465605328,23.072710484700934,72.6668214690992
36.21305698404937,0.1479676067829132,-0.0029596537351608,0.12108145537022812,23.06115972349507,72.54903397232313
38.203727960225805,0.1691529899835586,0.0361499674618244,0.13627393001380134,23.104907387436473,72.52684730735926
41.38001836256987,0.1793258488178253,0.0144263366237282,0.14388809958136364,22.97439897906895,72.63660564490155
35.57480157469517,0.4663232266902923,-0.0429326780140399,0.4439866424269627,23.14860058037248,72.6257577041409
36.44062425885723,0.0978143364191055,0.0119661167263984,0.08869337897675214,23.045469891060193,72.65830448835185
38.50152094869706,0.105300135910511,0.0067332815378904,0.0932081729869765,23.074570580423973,72.65423935535954
36.76692286674285,0.239877164363861,-0.0395587310194969,0.19349191972879123,23.076419639290233,72.51364358440085
40.84447694531438,0.2334177792072296,-0.0059346840716898,0.1878509713329268,23.09363304426732,72.67488677317144
37.45137593663431,0.1366569846868515,0.0075165750458836,0.11333792533844297,23.0718472949182,72.59056879402411
39.25684036407438,0.2395861595869064,0.0873893499374389,0.19323599170036512,23.117350632246776,72.67337726984671
38.47583434774392,0.1515205353498459,0.0053428043611347,0.12356668677264226,22.992901315643017,72.50763565508593
39.42004350907439,0.3085923194885254,-0.0064615146256983,0.25866614744271826,22.990115837234313,72.56958909124415
39.37574433753525,0.3557626903057098,-0.0163051839917898,0.30887216793584027,23.119106747695707,72.59138122739117
38.32639368822838,0.337961882352829,0.0355877764523029,0.289402986864599,23.060496818849288,72.60474283900466
35.69846212301908,0.1149015426635742,0.0130079314112663,0.09916298157189886,23.005230375380386,72.52817144508684
36.424340844729855,0.3973265290260315,-0.1238168776035308,0.3567989822782864,23.108570241587394,72.52919669552911
37.964009270387095,0.3412963151931762,0.0506536103785038,0.2930017008417104,23.130776453379255,72.5036713263378
38.09031589863516,0.260414570569992,-0.0127408988773822,0.21198157679315016,22.965821311586595,72.65891017043121
37.41995563680855,0.431459903717041,-0.0242438651621341,0.39874161000233466,23.135057724818907,72.69547773656825
36.60643904168482,0.1447768360376358,0.0041553545743227,0.1188710666681228,23.07262074484633,72.66584175266757
37.97170447159557,0.3320505023002624,-0.053228985518217,0.2830777369979615,23.046010719858202,72.5093614665869
38.52084610576779,0.3545989096164703,0.0307139046490192,0.30757995054777776,22.968338053371063,72.699508350681
36.8988014804653,0.1365106850862503,0.0237600021064281,0.11323944117721753,23.014919331404165,72.53080371564602
39.05055997745578,0.1502120494842529,0.0547473803162574,0.12264847960396079,23.034155313704012,72.65741125047477
37.81217088642634,0.120786152780056,-0.0065789567306637,0.10290375581542943,23.081207255097986,72.54937348080392
37.27470692800718,0.1771202236413955,0.0478454865515232,0.14221966307933617,22.985136651688002,72.50897214123471
36.851855432997695,0.4370456039905548,-0.0447349175810813,0.40582710156369073,23.123649324776352,72.63116886477493
36.80808808563313,0.4031879603862762,-0.049696896225214,0.3638357155549559,23.116966129878694,72.60614008358885
36.892237775549006,0.4890551269054413,-0.0602775067090988,0.47479696791467374,23.144232635323167,72.5107501875388
38.57846835513927,0.3988527357578277,-0.0572214126586914,0.3586245991246346,23.058952691199256,72.6084936104228
37.15891352091149,0.105926513671875,0.0211658347398042,0.09359103176742793,23.00273178578485,72.66034511666852
41.434878314829845,0.1559459418058395,0.0395380519330501,0.1266975134880461,22.978803603879324,72.64267811024501
40.021885954005086,0.217261716723442,0.0172288250178098,0.17410734024299399,23.042499944181866,72.51333685744258
36.31741979396503,0.271208792924881,-0.0818627253174781,0.22203772652972337,23.045622117838793,72.570230124112
37.16220943449789,0.1564259976148605,-0.0145206144079566,0.12703949177574853,23.05288286247844,72.51927947863852
40.775253349525215,0.3361789286136627,0.0734841078519821,0.2874878434892952,23.113548984988455,72.6361060946358
38.71715308936383,0.5611616969108582,-0.1908446997404098,0.579367128844217,23.079843483374518,72.69695718551927
34.12695810882151,0.2693061828613281,-0.0833166092634201,0.22024829327187037,22.98486412600565,72.5868303123608
35.83337224102289,0.4478344917297363,-0.0371661521494388,0.41968952867472575,23.12938805083305,72.63309970293751
35.48196636554617,0.4675665199756622,-0.142891451716423,0.44564505859241615,23.04533581694067,72.5471516612288
39.308303418184295,0.2927718162536621,0.0296931620687246,0.24282406289393293,22.965975900202036,72.52415490334394
36.11875095296311,0.2432196140289306,0.0033327699638903,0.19644362625995423,23.1490903023614,72.55408364679904
37.99473980692744,0.2925033569335937,0.057068932801485,0.24255955659085882,23.06504224475483,72.6760283826715
35.67757444267893,0.1803106367588043,-0.0199072007089853,0.14463618043188717,23.136342763071497,72.56192898818719
36.16687646796363,0.2107011526823043,-0.0742145255208015,0.16867543681457345,23.016394980829773,72.50915675351075
35.51490996659092,0.2578053176403045,-0.0619251318275928,0.20958570885974012,23.02830664098292,72.52707242435133
37.08585680435037,0.3660054802894592,-0.0453175082802772,0.32036220371770135,23.04537654580605,72.67369841759152
39.861669369115845,0.2836342751979828,0.0596406944096088,0.23390211214627815,23.126439388129953,72.52760103146464
37.91226805422909,0.4098168909549713,-0.1411676704883575,0.37187664049398733,23.109912373961226,72.68312583609413
37.65817188350843,0.1835372447967529,0.0368467383086681,0.14710081814628434,22.980657733163678,72.62849782177726
39.585570960917806,0.3190020024776459,0.0319829359650611,0.26936307857580627,23.122042233719153,72.60587785172166
37.82060565817234,0.1786516606807708,-0.0232564825564622,0.14337708013630562,23.07841812949892,72.65565900874955
40.11362821264941,0.257098913192749,0.0816063284873962,0.20893941644199232,23.131787001363563,72.56163980087614
39.18735501174059,0.1069020852446556,0.0231912247836589,0.09418888992751787,23.069320748984662,72.63215025332221
37.2031469413852,0.5060199499130249,-0.1368288397789001,0.49846416967519014,23.017243985897238,72.69064664917833
39.85942518751267,0.1849838644266128,0.0659194514155387,0.1482125758688486,23.072300830397495,72.56350609416056
38.388702527350375,0.1233013644814491,0.0517162457108497,0.10452377227556679,23.014666695634556,72.64430371973941
40.48733660979272,0.1418226212263107,0.0108662461861968,0.11684270438202586,23.06873123482909,72.6175762602702
38.554565650016826,0.1229998543858528,0.0727634280920028,0.10432890593328213,23.010684397800695,72.57976688049656
33.4201063967091,0.1035604178905487,-0.2183121293783188,0.09214892730988457,22.987963729574012,72.59272415270702
36.8869988218169,0.1333435177803039,0.0117529891431331,0.1111179008461478,23.016710168592223,72.66040890694237
36.82425142977796,0.5210819840431213,-0.1392052918672561,0.5199592277115642,22.981108609949818,72.67514506729556
38.95457355915269,0.1657716780900955,-0.017602102831006,0.13378892049284444,23.05688908983703,72.51617037876218
35.40252936536778,0.1050402969121933,0.0174314714968204,0.09304958274027905,22.984371650130758,72.64446461876561
39.76141396119557,0.3632315099239349,0.0196210909634828,0.31722973377119557,23.137970328958424,72.56859915831723
38.57769553966605,0.3939963579177856,-0.0375047214329242,0.3528316732195941,23.117152785721625,72.58968300441745
37.57783260631573,0.1586151868104934,0.0180471334606409,0.1286048522111251,22.994917572476158,72.62455775145591
38.87217803827956,0.3189356029033661,0.0160375162959098,0.26929415996068,22.98562446972006,72.64416874900506
33.11540031630463,0.3009803295135498,-0.2204867154359817,0.2509812905595049,22.981824603701963,72.544429973307
36.16006019855898,0.1233701929450035,0.0277189221233129,0.10456828168528881,23.05210368439686,72.51975226977196
39.76963899890984,0.2747749984264374,-0.0292238425463438,0.2254112991308236,23.10658966073248,72.5242862965719
38.87400284889888,0.2714216411113739,-0.0364679172635078,0.222238363708141,23.042548183513833,72.61282453110913
36.5217015883817,0.3911003172397613,-0.1005304157733917,0.3493995850409465,22.97974050216927,72.5150105913534
35.29293961410169,0.1428218483924865,-0.011443824507296,0.11752681973524101,23.053853304223047,72.51347414477573
35.34097318815749,0.103353127837181,0.0150980297476053,0.09202312016860108,22.99034116104148,72.62420275726558
37.10063080408791,0.1805260926485061,-0.0250774659216403,0.14480010718633946,23.11633393067042,72.57410696429908
37.1106785521196,0.2435185313224792,-0.0319261327385902,0.19670868762644897,23.032670666976422,72.50486742782432
35.7035401234374,0.0899861752986908,-0.0239176899194717,0.08409198186436304,23.027047997160906,72.52449883427468
36.55686575259347,0.1427404433488845,0.0405255258083343,0.11747101150698994,23.047783356910216,72.6624531628382
39.154301008430366,0.2342842668294906,0.0273855775594711,0.1886028244156282,23.119848835584996,72.54417349678116
38.94090655003633,0.2143195867538452,0.0841612294316291,0.17166071996787705,22.965160831935407,72.52976128541926
38.05798927916266,0.2242448925971985,-0.0073012351058423,0.1799837288948085,23.058174154602955,72.64419643740473
39.62446676953564,0.2338047474622726,-0.0138142025098204,0.1881865589208061,22.959057691089683,72.65801883261113
37.689697881242935,0.3382696509361267,-0.0024464440066367,0.28973421711889963,23.05042673582061,72.68547970094063
35.82728987149376,0.3969470560550689,-0.0975256040692329,0.3563457877328136,23.145260462098104,72.59697378219593
36.8217007903817,0.2645373344421386,-0.0383920073509216,0.21579493509060735,23.02821935409125,72.58799711324392
36.018864790180764,0.2099970281124115,-0.0419741123914718,0.16809756306100956,23.045713883271194,72.51254560079376
37.064391778742376,0.3957951664924621,-0.0909626856446266,0.35497188041578065,23.094488576932452,72.58358984661864
39.48014856495972,0.3344840407371521,-0.0120096039026975,0.2856731898027136,23.06467300057673,72.69660332485716
36.42792015579417,0.3524371981620788,0.052147801965475,0.3051868579131679,23.137484378873175,72.66796052667381
40.62222769112773,0.2127443253993988,0.0606892295181751,0.1703578781494048,23.0643590737103,72.61765575155012
39.270997112674166,0.2209050953388214,-0.0103072449564933,0.17716109928218235,22.962333869632594,72.6199861274408
39.41770933734929,0.2656445205211639,0.0462952405214309,0.21682481949138463,22.986350992744775,72.50695572492859
37.98113417158848,0.4891795217990875,-0.1037416234612464,0.4749684132672189,22.990148354946655,72.6780541122114
35.46063310158918,0.1373001635074615,0.0011777227045968,0.11377140030216026,23.00412418255699,72.54915328159095
35.97505256561783,0.2465309351682663,-0.068327896296978,0.19938987606224645,22.992918543438893,72.51649698571708
36.6786803561163,0.5025766491889954,-0.1626219004392624,0.49361394798563657,23.082917743053038,72.61701035175756
37.38126132512448,0.1588744521141052,-0.0159397590905427,0.12879087238019918,23.076519718581974,72.50907088901417
37.023199775803945,0.1742765754461288,-0.0194923244416713,0.14008295492768175,23.097749735837525,72.66096964429242
37.05274855719757,0.1478350907564163,0.0152320768684148,0.12098925036152434,23.004454870369848,72.62561797280902
37.5094672493988,0.1629357784986496,-0.0058378246612846,0.13172237931442085,23.067265083709408,72.67130692656637
37.660820314037046,0.442338079214096,-0.0086082443594932,0.4125982080084543,23.14305095188701,72.63222706426122
35.554674251211125,0.1362821906805038,0.0035685237962752,0.11308571176887872,23.01379377215175,72.55101361358618
38.58190817990149,0.1584873497486114,0.0035879842471331,0.12851317992978323,23.05531740034077,72.57090497744193
37.069159670750885,0.2739394307136535,-0.0607086606323719,0.22461858398518197,23.051733564118567,72.65110005472684
36.74146394340346,0.1319737732410431,0.0062303775921463,0.1102065861198955,23.059092656084186,72.55426577346384
41.344998863442434,0.3451179563999176,-0.028956975787878,0.2971535863896224,22.964477382693236,72.56247530729364
41.485168595870576,0.1924195885658264,0.0753916949033737,0.15399313349017243,23.113047115791158,72.64000669975582
34.04089432780641,0.3245550394058227,-0.04283894225955,0.27515798936604424,23.135397531821543,72.60822839675988
37.187763879265695,0.4365292489528656,-0.0791197791695594,0.4051694847724991,22.954838968290964,72.50004892985352
39.71528290018053,0.2867374122142792,0.0498690269887447,0.23691330844905314,23.090294038332107,72.51187625424618
36.427207774269576,0.4831285178661346,-0.0700875893235206,0.4666645719219818,23.118120954885395,72.53004317966995
40.85669436255067,0.1472346931695938,0.0657546147704124,0.12057193214058197,23.02397319035467,72.65130617433053
41.10628605076111,0.2109812796115875,0.0549821779131889,0.16890561219117786,23.10020572465173,72.68198736980608
40.53153765390066,0.2238221168518066,0.0320879779756069,0.1796251867327464,23.036469213384354,72.68451501054071
38.90501257249509,0.1937758028507232,0.035654466599226,0.15505938291073165,23.042166365623416,72.59940751355232
36.71430118845864,0.1209169849753379,0.0080338083207607,0.10298771124566128,22.972385281498443,72.61370405130923
41.56140232914424,0.1690425872802734,0.1040487065911293,0.1361924312265182,22.982659831283314,72.56078972022753
40.58096769254655,0.171083465218544,0.0141185978427529,0.13770293815860238,23.043953392977222,72.58735154100548
36.74240014824119,0.5112454891204834,-0.1700102686882019,0.5058701457942356,23.095562985786117,72.60297404344446
35.57790465948867,0.4980679452419281,-0.127470850944519,0.4872988561742875,23.099383638741074,72.62736780601995
35.64167370964031,0.2601873278617859,-0.0530444681644439,0.21177237672457083,23.065849512408494,72.53631428080811
36.88149488058134,0.2522429227828979,-0.0407828204333782,0.20452366120721815,23.09553048895706,72.56460855970231
36.18058969993808,0.1316234767436981,-0.0062192343175411,0.10997413032757807,23.026068521582637,72.52549244205807
39.17985924602948,0.3444411754608154,0.0377546176314353,0.29641619353715437,23.142943678692077,72.56614444177002
38.36750396459754,0.4537571668624878,-0.0768399685621261,0.4273984332240667,23.1201182752357,72.51036633658693
36.37212256724575,0.1316272169351577,0.0036953419912606,0.10997661101215817,22.997716084227452,72.58462033408813
36.74140929101114,0.458270400762558,0.0057924361899495,0.43331992052009866,23.12653575984304,72.63164529506179
37.386232263919965,0.3938052356243133,-0.0605850145220756,0.35260465785484624,22.961052056182627,72.66265716894753
37.91460470600383,0.399023950099945,-0.0109144411981105,0.3588296927933414,23.13902688343237,72.55838262950756
35.48116900979612,0.1645223945379257,-0.0234954413026571,0.13287657611966314,23.00143725375675,72.55364138920082
35.94095347609246,0.2028617113828659,-0.0240627750754356,0.16229755849833155,23.00571559828411,72.51075321376932
37.66182737680696,0.1180293560028076,0.0207043886184692,0.10114267127956056,23.005867643609086,72.64999909779604
36.23030109871768,0.1176539957523346,0.0381723120808601,0.10090406101742422,22.968672680458976,72.61446450376424
36.44145032808531,0.3851236701011657,-0.1624809056520462,0.3423697093126578,23.083223553636063,72.56049301733825
32.22321379422414,0.1343462169170379,-0.1340800672769546,0.11178739276673498,23.118475634907533,72.68951907967315
39.95481326203264,0.3165906965732574,0.0449094288051128,0.2668659477860433,22.964254812476135,72.58811160626459
36.87115478469117,0.3987186551094055,-0.0371868126094341,0.35846402797601523,23.062087887128147,72.69213710333118
37.273135559898506,0.4602242410182953,-0.0552098788321018,0.435896048428184,23.050032428148434,72.69708411726675
37.84894164483197,0.2452598661184311,-0.0373810157179832,0.1982563483758032,23.080318102665505,72.50008612174308
36.21114102402532,0.176665261387825,-0.0088049480691552,0.14187671913635855,23.04268069001852,72.64680301050623
37.00673083393146,0.1123517453670501,0.0231602266430854,0.09756361283384252,22.995539394282495,72.52790055907717
37.90802261528809,0.1802172809839248,0.0671406611800193,0.14456518075880884,22.964257234756023,72.61337546740361
40.129601159795655,0.1693972796201706,0.0403723083436489,0.1364543501907825,23.027517132928484,72.66646651458291
41.99761455135015,0.1460156887769699,0.0767734125256538,0.1197268568798009,23.025230628745412,72.68077729011081
36.06941188834834,0.1407464891672134,0.0099700577557086,0.11610816987978187,22.98338620344447,72.61710513416244
39.789402527408406,0.1873019337654113,0.0251284521073102,0.15000278789842705,22.95903232426624,72.58163878480012
38.53814576346407,0.3153563141822815,0.0085543775931,0.2655921305675464,23.12224931886818,72.54895936360995
37.63182207930569,0.4498369991779327,-0.1279478669166565,0.4222881255005805,23.059833330342613,72.50190694245094
36.06264951957612,0.128712311387062,0.0180003270506858,0.10805178365742484,22.99450219224913,72.60179149018656
36.78755477784606,0.2057874649763107,-0.0327274613082408,0.16466346673190058,23.077453897229013,72.59302398845449
38.88805705503289,0.2956243753433227,0.0652788653969764,0.24564352143445883,23.118112705064156,72.66813336002575
36.88169274098773,0.1870206743478775,-0.0022772394586354,0.14978500237268585,23.08272285774531,72.63024156963928
36.892112635649646,0.2065907567739486,-0.0150537583976984,0.16531604349401224,22.998634256969673,72.52990094839636
36.89841036312821,0.3476379215717315,-0.0825135856866836,0.299907293143406,23.062082134620375,72.51883532871541
36.63085766110868,0.3965198993682861,-0.0106472754850983,0.35583599034235014,23.148562067404807,72.51939279487598
34.40437472708537,0.4011256098747253,-0.0791511610150337,0.36135199884726044,22.970949375769976,72.67773292213246
42.30572683222671,0.0832137092947959,0.0154867451637983,0.08021000513251719,23.017519565106202,72.65581171874052
31.99335983567553,0.2601642608642578,-0.0697140544652938,0.2117511469767487,23.109254463586314,72.6504719948695
34.25803470961016,0.628132700920105,-0.2353337556123733,0.6858037703332279,22.982633225955617,72.54873287400231
36.53842475309908,0.4393364489078522,-0.0211503840982913,0.4087510949021026,23.13757355413241,72.67486594233337
37.720826694294686,0.3409980535507202,-0.0367271676659584,0.2926788939456679,22.993991742976352,72.65797293874779
34.883502365269635,0.6119998693466187,-0.2230455726385116,0.6593437878189257,23.13460535406059,72.53428507111356
36.64039449222986,0.1545892506837844,0.0326198637485504,0.12573353670048773,22.951076052328972,72.59951274017506
37.9953757990836,0.3335936069488525,0.0604140944778919,0.2847221373766865,23.12770783629739,72.59067364744985
37.9030163197521,0.1172552704811096,0.0446814559400081,0.10065090664804204,23.03882694819901,72.58153114369844
39.00111061914331,0.2914997041225433,-0.0149540016427636,0.2415719591525476,23.11191377133287,72.63061368650173
36.392715123966674,0.1096192598342895,0.0239395909011364,0.09586408606033328,23.108061847074225,72.58298829354663
36.30006266197387,0.2315672039985656,-0.006007038988173,0.18625025156713956,23.05152526411141,72.50633610379336
36.2268620090754,0.0879165530204773,0.0212365854531526,0.08289594150319332,23.00454998137217,72.63434023264777
40.92457240629936,0.201244443655014,0.1098763868212699,0.1609971035640217,22.969424526674292,72.54968251685185
36.386767209878485,0.3503175377845764,-0.0803418681025505,0.3028493923932786,23.08025748751547,72.52377212925958
37.96778324489775,0.1779974848031997,0.00019362365128472447,0.14288209851754521,23.080187726072207,72.6271058569091
38.18554106239007,0.336486279964447,0.0535431616008281,0.28781752859009097,23.117096941046086,72.66700138454179
35.54695202019008,0.5933269262313843,-0.1681828647851944,0.6293676118837361,23.14787439947641,72.6236279032135
37.175892039114125,0.1572153717279434,-0.0136285796761512,0.12760282179873278,23.043767921646424,72.59940684143761
38.73642186207352,0.3251188993453979,-0.0318781100213527,0.27574985844972216,23.130482048296543,72.57130180428803
36.347989498002754,0.5002273321151733,-0.109494611620903,0.4903183166411332,22.991773913813365,72.69622308003834
37.78144698668654,0.1155154183506965,-0.0298961885273456,0.09954997921701504,23.073446999472853,72.52714358889963
35.33052110210988,0.5266305804252625,-0.1027439907193183,0.5279920004091537,23.129444215616385,72.63420792880648
36.878296934208734,0.1310516148805618,0.0412496104836463,0.10959517171502779,22.98135107125654,72.51520208252113
39.34253477600092,0.2328848540782928,0.0607112161815166,0.18738929689038486,23.117673329681068,72.57171250948355
37.208024608041086,0.3066082000732422,-0.0462065190076828,0.25665186838145015,23.095728648123035,72.57881113135603
37.01460817756879,0.5314240455627441,-0.1397430896759033,0.5349811344273712,23.095556013261326,72.51307735307932
37.791685584072326,0.4764398336410522,-0.0351435095071792,0.4575708485363344,23.143599986366244,72.5101886871037
38.14923891831468,0.2988395392894745,-0.0259801466017961,0.24884088595853518,22.95214084660445,72.69299247452969
38.15260843805299,0.2870802879333496,0.0502678491175174,0.23724720689323478,23.126092382195598,72.59261194506347
34.29290474720811,0.5703614354133606,-0.1983930170536041,0.5934567411721333,23.021425381176567,72.57952162723629
36.65417420945779,0.1955895125865936,-0.0292313601821661,0.15649106246849867,23.0187855651628,72.53726242034013
39.90039518459788,0.2350752204656601,0.0581524148583412,0.18929044746324275,23.00965538279647,72.58981311654638
40.62407369589192,0.1557796895503997,0.0314462892711162,0.12657918749657882,23.014635908170487,72.63602645426748
37.3266179918576,0.1040868684649467,0.0249276794493198,0.0924688235728178,23.01666307019425,72.66281311255453
40.17411327356502,0.1494929045438766,0.0304289069026708,0.12214529032651525,23.136072611909352,72.54336409241284
36.98254156896311,0.2037752866744995,0.0442013889551162,0.16303448212907426,23.044778931650907,72.66804209358713
36.08614278836612,0.5179527401924133,-0.0893121436238288,0.5154561371497949,22.954726198031317,72.68351685972277
36.8116334006218,0.4170494377613067,-0.0246766507625579,0.38075000864154473,23.08706916354382,72.6124542921524
35.73755400710399,0.1623097211122512,0.0106843598186969,0.13126833401243726,23.01938668183698,72.51704673316473
31.31184020183882,0.3053058981895447,-0.2742426991462707,0.2553340507451424,23.094559424633207,72.64086081999062
33.913970104637,0.6810237765312195,-0.2818791568279266,0.776202894813332,22.973968406133572,72.51974673275082
40.88202765548209,0.2408715635538101,-0.0376403033733367,0.1943677355503812,22.96532170052056,72.62870917248567
38.270707935576425,0.1187599599361419,0.0516858473420143,0.1016079120584908,23.017490542235453,72.61261024687036
38.83672127420508,0.1483068168163299,0.0358997322618961,0.1213176386407244,23.049158539142063,72.61307326030858
39.281886635083104,0.3874134421348572,-0.0339371226727962,0.34505455200072116,22.96354097717318,72.63772837931698
38.07882127222929,0.1839115023612976,0.0174900814890861,0.14738804164530864,23.080673368887503,72.68036607957049
36.18740783388071,0.1777380853891372,-0.011204763315618,0.14268606115345112,23.03816143618009,72.56948872723216
34.6944410434328,0.6100299954414368,-0.1825022250413894,0.656148593514854,23.1052546705452,72.69754132416244
38.36659513418988,0.0766798853874206,0.0723564103245735,0.07655175897799621,23.024190375051493,72.58715020545803
38.97171796639933,0.1632344275712967,0.0268545318394899,0.1319392493730476,23.077169541054428,72.63930696530086
39.84591105874313,0.1559918522834777,0.035600196570158,0.12673019889222142,22.983541787744215,72.57396155232696
38.432742470067495,0.1835263818502426,0.0279643759131431,0.14709248557513807,22.98015087778066,72.50637625000401
36.06579712297862,0.2701272964477539,-0.0285363011062145,0.2210196748652743,23.097617097583345,72.5498488559677
36.8288368181038,0.1411259174346923,0.0151618514209985,0.11636689154566053,22.96647054661659,72.61845503999184
37.35731297577715,0.1280004233121872,0.0096466923132538,0.107584277692974,23.054373358170416,72.64385000395815
37.62910299850034,0.3666422963142395,0.0006447552004829049,0.32108349197227437,23.14750020254889,72.51737844012318
35.04805943675382,0.248071938753128,-0.0903360173106193,0.2007684622979869,23.038342509722998,72.51579850828585
40.10589997369348,0.1297219842672348,0.0495863258838653,0.10871658690912264,23.094232092905656,72.67325069867455
38.46167517395027,0.260111391544342,0.092481605708599,0.21170249262887078,23.12401782758608,72.55469336387583
38.84885870887607,0.0950349047780036,0.0525759905576705,0.08704559503736564,23.051685559064047,72.62469673866785
36.92975859298947,0.1612899452447891,0.0272116735577583,0.1305304245349827,23.006615908167372,72.51421729612967
37.47363546202455,0.1815806180238723,-0.0030458902474492,0.14560376805148037,23.08518582997208,72.55028078143104
40.29204031914307,0.2082869261503219,0.0050953137688338,0.16669821406527843,22.9801256442835,72.63554295025709
37.48982850381877,0.3923231661319732,0.0228807050734758,0.35084673313660514,23.131160702958436,72.62282416901054
37.43723248920945,0.1899000704288482,0.0296726282685995,0.1520220649204208,23.114079870898603,72.55854942334594
38.24664888171439,0.4678900241851806,-0.1901683211326599,0.4460770844060811,22.959760489207653,72.65148297851769
36.64402260951586,0.1720464825630188,-0.0100300339981913,0.13841858518751465,23.083054202544712,72.56339748656409
38.48133350702372,0.3762939870357513,-0.0280093438923358,0.3321147594935627,23.056147369952125,72.6947835130227
35.225720786202444,0.2998440563678741,-0.032662209123373,0.2498440806862905,23.019999307907682,72.51163950311351
37.97286122245622,0.1973319202661514,0.0003764737048186362,0.15787265486238727,23.03195670783063,72.61187552581212
39.94834760479571,0.232409730553627,-0.0197707414627075,0.18697817507746028,22.990936096312236,72.64014157372516
35.382242917877655,0.2915597856044769,0.0315571576356887,0.24163102282351928,22.955042788822414,72.54320496917548
35.33359199416589,0.274310827255249,-0.0477937646210193,0.22497076085155868,23.089254097037948,72.61513798887583
40.53030818481643,0.342515081167221,-0.0171851124614477,0.29432261329387643,22.969334327368035,72.56460415189221
41.66010046054037,0.2390559613704681,0.093770332634449,0.19277013721494599,23.06560531875195,72.62572219069425
37.14159376829305,0.2578863501548767,-0.0295530427247285,0.20965990965815437,23.11498408324827,72.58502550217565
39.56279949365029,0.2008296251296997,0.0034901106264442,0.1606643883816156,23.106828087126253,72.52412623858844
35.94882161432665,0.3125754594802856,-0.0375571921467781,0.2627336016614259,22.960181445423352,72.51657092543486
38.702480863042496,0.3292523026466369,0.0085448175668716,0.2801079998567674,22.986042704013045,72.69294812528882
37.99673877772207,0.235957384109497,-0.0176242087036371,0.19005884075959553,23.061799497000038,72.61615328641122
40.32810256668637,0.1794825941324234,0.044551495462656,0.14400703924947358,22.96370366222,72.63264764924283
39.36697372098244,0.201056495308876,-0.0040014362893998,0.16084631242943848,23.060859978769646,72.66085706778223
34.627936809976084,0.529846727848053,-0.0923942923545837,0.5326762461505098,23.02038803511722,72.50058389007978
36.531173668876086,0.153513103723526,0.0038065370172262,0.12497151450424046,23.006379632039398,72.56674802855586
37.42065878526341,0.1259158104658126,0.0328047238290309,0.10622111551158751,23.028513848157637,72.66135574763119
44.58892537916233,0.2570685148239136,0.0268589276820421,0.20891162724333812,23.077435741877355,72.63359075384989
38.65368144374294,0.158680111169815,0.0495596006512641,0.12865142214879086,23.000734762844285,72.66590635560503
36.107490075388085,0.502665102481842,-0.1537034511566162,0.4937382462458175,23.006071940230157,72.57797814456741
37.64596699677905,0.4330141246318817,-0.0526839010417461,0.40070688198346743,23.09851356850677,72.6933096744242
35.768339444075124,0.4286119639873504,-0.1135410591959953,0.39515300126803393,23.00664803880144,72.5754819897868
36.61674759976227,0.1507926136255264,0.0402954705059528,0.12305545777422784,23.031196537178936,72.58463136779457
42.40739984334641,0.2515500783920288,0.0360450595617294,0.20389747329584737,23.099396207180366,72.68607129722392
38.25118182486091,0.2453064620494842,-0.0480985604226589,0.19829784514302873,23.086490314676965,72.52384153118427
37.70603556851013,0.2280338704586029,0.0196175556629896,0.18321299425977206,23.102413411660155,72.65580283822018
33.33281837787287,0.2462587803602218,-0.0141739211976528,0.1991468990485927,23.12378012312954,72.6407853478427
34.09005311666844,0.3344633877277374,-0.0072458577342331,0.28565111282140976,23.144030361952634,72.65341562853328
40.91324765630932,0.1359885782003402,0.0275088082998991,0.11288832468108614,23.01539136572876,72.67025727254892
37.10752354437752,0.1851388365030288,0.0024954485706984,0.14833192338290677,23.06057258529704,72.6531567459418
39.0919000744271,0.347868949174881,-0.0021697406191378,0.30016038546998824,22.97268459508885,72.65668582205645
41.12687361557435,0.1989949345588684,0.0455080531537532,0.15919695780363569,23.097991970224854,72.68052850450442
36.48333301798677,0.1292977333068847,0.0036040395498275,0.10843699716105218,22.997273676931176,72.52498240482869
37.25464519485118,0.1530255526304245,0.0220025684684515,0.12462704081001663,23.107388177063193,72.5442409081575
40.76084221241298,0.1739745140075683,0.0425990186631679,0.1398569371271969,23.005518244217097,72.66840845968672
36.94365962790286,0.474428653717041,-0.1181025579571724,0.45485400895458034,22.950052086762494,72.54651338237355
40.26855399179152,0.0787514746189117,0.1105978786945343,0.07770238460221777,23.036208671964133,72.68263942488554
35.646961882509615,0.1672042459249496,-0.0081296479329466,0.13483895822531086,22.994967896561423,72.60014693426017
39.35359111707237,0.2597658038139343,0.0495287328958511,0.21138459435667314,22.95364213639577,72.57712531295958
38.62112735253076,0.2327591776847839,-0.0193015187978744,0.18728050587041037,23.03429938016339,72.61556635725462
35.859734656493075,0.41275554895401,-0.0738986879587173,0.3754693627739301,23.07275758234534,72.68581901490195
37.58453226819647,0.2244392484426498,-0.0304193776100873,0.1801486756185614,23.07662613603178,72.56643658391691
39.17117806067014,0.3458800911903381,-0.1102611124515533,0.2979850739579718,23.087727986516708,72.59860204466118
34.257681653230655,0.5296688079833984,-0.1274944841861724,0.5324165693439135,23.134378642820923,72.66742401072476
37.7347690159416,0.3094417154788971,-0.0753463879227638,0.2595308614700815,23.0047048082547,72.54154650078863
39.46551918537335,0.2521255016326904,0.0507753826677799,0.20441746922661191,23.048049737475214,72.68119153110887
37.02207942471054,0.1492598950862884,0.0133169926702976,0.12198247431568518,22.992220985909285,72.59973857338855
